2025-01-07 03:47:30,Audit run completed.
2025-01-07 03:48:59,Audit run completed.
2025-01-07 03:49:16,Audit run completed.
2025-01-07 03:50:32,Audit run completed.
2025-01-07 03:51:10,Audit run completed.
2025-01-07 03:51:40,Audit run completed.
2025-01-07 03:52:10,Audit run completed.
2025-01-07 03:52:29,Audit run completed.
2025-01-07 03:53:09,Audit run completed.
2025-01-07 03:53:36,Audit run completed.
2025-01-07 03:58:08,Audit run completed.
2025-01-07 03:58:24,Audit run completed.
2025-01-07 03:59:21,Audit run completed.
2025-01-07 03:59:46,Audit run completed.
2025-01-07 04:01:29,Audit run completed.
2025-01-07 04:01:46,Audit run completed.
2025-01-07 04:02:23,Audit run completed.
2025-01-07 04:02:24,Audit run completed.
2025-01-07 04:02:24,Audit run completed.
2025-01-07 04:02:30,Audit run completed.
2025-01-07 04:02:49,Audit run completed.
2025-01-07 04:03:11,Audit run completed.
